OBJECTID,PROP_TYPE,FREQUENCY,COUNT_PROP_TYPE,SUM_PARCEL_ACRES
,535,1,1,0.780803600526939
,620,4,4,0.098601065478641
,700,243,243,91.589409283059339
,701,278,278,314.314418074964976
,907,17,17,0.039779142907688
,927,6,6,0.168618796106361
,957,2178,2178,542.226848330722873
,990,2,2,0.123478909484343
